ExtraTreesRegressor,GradientBoostingRegressor,AdaBoostRegressor,RandomForestRegressor
0.0024085457205732432,0.00128146838525255,0.0015642515262653887,0.004968535696058974
0.019378432621088168,0.0006366347669586585,0.0003900822807937162,0.003580567961289347
0.012913375877934643,0.05087084557976676,0.016617159004998654,0.03493199075832575
0.004344129028960996,0.00040977264274016473,0.0,0.002037421352219938
0.0,0.0,0.0,0.0
0.012109092124347192,0.007544413198699527,0.0,0.00816779405893523
0.02295052812853173,7.468623758252009e-05,0.003147560641822269,0.0034336733611569498
0.000258881799488665,4.175852312598573e-06,0.0,5.1231880867579885e-05
0.019468647728463444,0.00017601277916942323,0.0025112603797842717,0.004564054591886125
0.020607475819914813,0.00044276328912342907,0.0017631967798327475,0.005239597978173696
0.01868125709415077,0.004266559460675091,0.0014494125710653122,0.0033779293435300018
0.019424370211315413,0.02224028029989394,0.0,0.002412535782685613
0.004953037677475007,0.0008910744468434883,0.0,0.0002903144280854497
0.004368866947034804,0.0,0.0,0.0
0.016383251051380512,1.0715766022362505e-05,0.0,0.0
0.004368866947034804,0.0,0.0,0.0
0.008737733894069608,6.365423513592572e-06,0.0,0.0
0.006553300420552201,0.0,0.0,0.0
0.0,0.0,0.0,0.0
0.008737733894069608,0.0,0.0,0.0
0.006475284939355152,9.893104822631449e-06,0.0,0.0
0.009166819040653383,0.0,0.0,0.0
0.022461823436566455,7.655204179730555e-07,0.0,0.0
0.0921868160485824,0.35806962292887706,0.357002018729381,0.27666113834348877
0.0032766502102761015,1.2243998326945622e-05,0.0,0.0
0.011936368623148659,1.5729204276785233e-05,0.0,0.0
0.00916681904065338,0.0,0.0,0.0
0.0,4.842946482375077e-19,0.0,0.0
0.0,0.0,0.0,0.0
0.0,0.0,0.0,0.0
0.0,0.0,0.0,0.0
0.0,0.0,0.0,0.0
0.3184223151055475,0.24061403055384312,0.3259133911249784,0.3164422152512031
0.03171329310660084,5.947178217388807e-06,0.0,0.0
0.016475172636858677,0.008056019927645737,0.00535441263807542,0.012782204872395503
0.01712731866979779,0.010059821025805164,0.0,0.003057948440244849
0.020443074081007092,0.008640509207446483,0.003289816005018666,0.0021651928893320917
0.0,0.0,0.0,0.0
0.0,0.0,0.0,0.0
0.018257788368173405,0.013230676171188418,0.0042134116853871605,0.007101143863202796
0.0025322741956038727,0.008639745124847869,0.0014047673654919246,0.007220820739027345
0.014028597828531912,0.0117261693408381,0.004483945115473848,0.008400466558522173
0.008573930492362688,0.011366951340549327,0.014274272889468672,0.017890922148550283
0.002041356360337125,0.0015558384932534137,0.0,0.005828641647117526
0.010338973392961697,0.001046434203291447,0.010059538605554792,0.007653717811270908
0.0015051538378191116,0.009314304954185981,0.014939871580335388,0.008077052812662662
0.0023139060301023305,0.0024364104190150314,0.006206749620446086,0.004297302468503602
0.003065413757526078,0.0019443282191746777,0.013924269825739473,0.00230683655224205
0.0010383569944124168,0.016398936738809298,0.00904498953956691,0.014456223509914547
0.0009265702478440988,0.0013328096053961216,0.0,0.003210500936146436
0.0009790950119271244,0.00015910842147059536,0.0,0.0009847891339507132
0.012815297020625718,0.0013128507585769907,0.015883525010097176,0.007349188278611133
0.0006918951104359772,4.7302922923530496e-05,0.0,0.0016214861875667877
0.002781844412881925,0.0007076547963359923,0.004849196104555826,0.0012405091025978166
0.001418112100449311,0.003799203335188398,0.0,0.0019142751681509784
0.000835625343458369,0.00020675896310473035,0.0,0.0005150036338173658
0.0027127910689006625,0.0006190039525871418,4.914604713501366e-05,0.002502311381367673
0.0014232057857425679,0.0,2.697868229122011e-05,0.0007513041246998013
5.2264277442555075e-05,0.0005855032294013456,0.0,0.0012327191836700412
0.005583953925491209,0.014120460357825356,0.010979210723129525,0.012684533160935261
0.007880670525611876,0.0012311318257570442,0.0,0.0010440251753263366
0.00033141871752274786,4.592102278068927e-05,0.0012985238732749268,0.005085475941908094
0.0002728762369464519,0.00024505633286875926,0.0,0.0013740024894728971
0.0003633120901995334,3.6856707120266817e-06,0.0,0.00023047557410006464
0.005211861941369015,0.004697671534208926,0.004672041178139223,0.0018716449922870132
0.0005816144594568272,0.0,0.0,0.0008182571065498357
0.0008701066452591248,0.0012381186868383263,0.0,0.0003632110161211275
0.0016403831744165765,0.000637265730215405,0.0,0.0017879378614625383
0.0027518015996821884,0.0017162756483060724,0.0,0.0023159082343384304
0.0028755749141379204,0.006975595464086287,0.0011172205613731374,0.009426947489102808
0.009521291233011627,0.02971864330862122,0.03145116520744046,0.02776355739832218
0.002037461601554352,0.004084620915620936,0.0013498839431833067,0.003811862357108877
0.00047343791090362667,0.002241577649415438,0.0,0.0006667679536131823
0.005264617273124673,0.008038530754730523,0.0,0.0067576308807524455
0.002222134110512554,0.0010233883210069618,0.0,0.0018196929961956938
0.0024141612829554817,0.0009659623446852096,0.0,0.0024578907644037286
0.002158675989564622,0.0006742005151549599,0.0,0.0010437368384434262
0.011053121530810566,0.00571786618519641,0.023660265466637825,0.009919686595489518
0.010729320051734461,0.004471418709851752,0.0036409941042353194,0.014617694769099035
0.0009934157111127823,0.019580841945209666,0.007758233969364832,0.011534227003490518
0.0034949463214344373,0.00037715364416822335,0.0,0.004811232211177174
0.013111533742084548,0.010743520116843062,0.01642882176958894,0.009965495806017076
0.0031534401454738482,0.0012653990124341231,0.003781233443059616,0.005348089131677039
0.00437592785919235,0.019841035497445546,0.025521822104394264,0.009787943657835656
0.002463734189326416,0.0005878669815644386,0.003726726064450827,0.0030490017187340124
0.0027344369160994886,0.008823525736588506,0.0,0.0028257281754533736
0.0011950435634068728,0.0022255686025097203,0.0,0.0016877622618119725
0.0016785979625747339,0.006232282927894015,9.396596722947029e-05,0.002444008839449482
0.001500505894468344,0.0004992319043486314,0.0,0.001154434733939748
0.002436653846532535,0.004721533938090474,0.0033491782751137425,0.004052642838395901
0.0008733033378849462,0.00010339087165784647,0.0,0.0015539439652393833
0.00405292181818839,0.0012466052548041834,0.0,0.002250161486718704
0.0008930278372673791,0.00047200860939626815,0.0,0.00287067332936152
0.0012753590272103698,0.0015703582296629965,0.0012876002383175823,0.005486030982549339
0.011370760868236369,0.013526196597628153,0.0206745706669161,0.009299360257288775
0.005604608071530525,0.0101284859247557,0.016703034000658257,0.01246495902588974
0.004008857600818166,0.00014346858496794526,0.0,0.005351262062748378
0.004103376789306843,0.009293593442614045,0.0,0.007439549749552978
0.0026100197206133523,1.9943116262228756e-07,0.004142284689933419,0.00204299093616509
